employee_id,first_name,last_name,email,salary,hire_date,department_id
1,Laura,Hammond,carpentersheila@gmail.com,6353.3,2022-04-11,5
2,Mario,Chaney,darrell22@yahoo.com,7360.93,2024-10-18,5
3,Danielle,Olsen,haileypowell@hotmail.com,10538.24,2025-01-15,7
4,Tabitha,Warren,warrendouglas@gmail.com,5573.51,2015-08-30,9
5,Amber,Patrick,mindy20@yahoo.com,7724.37,2018-07-14,10
6,Craig,Reid,melissafrost@watson.net,14759.03,2020-11-15,3
7,Jennifer,Richards,mary83@lucas.net,7736.64,2021-02-05,6
8,Rachael,Gutierrez,joshuaevans@hotmail.com,3308.72,2020-06-29,7
9,Donald,Hall,kristenwillis@yahoo.com,6752.52,2020-07-12,2
10,Devin,Berger,xbarrett@gmail.com,4306.12,2022-08-24,4
11,Donna,Wright,tmills@jackson-flores.com,12305.34,2019-11-04,2
12,Donald,Martin,lewisdavid@gmail.com,4792.22,2024-06-08,8
13,Julian,Garcia,cjones@yahoo.com,14391.04,2020-01-12,1
14,Emily,Dunn,ogarcia@davis.net,10470.32,2018-07-02,10
15,Andrea,Johnson,lawrence76@hanson.com,4287.29,2019-03-31,9
16,Scott,Lopez,denise39@hotmail.com,6487.05,2016-04-08,5
17,Renee,Lucas,jade34@yahoo.com,4264.86,2023-08-26,3
18,Stephanie,Jones,gtorres@duffy.com,5216.11,2017-03-29,5
19,Courtney,Garza,enewton@yahoo.com,5918.01,2023-09-29,6
20,Kelly,Kelley,toddmercer@gmail.com,5510.27,2021-09-28,9
21,Dustin,Elliott,curtis74@wilson.org,13521.94,2020-05-31,3
22,Melanie,Bartlett,rodriguezharry@yahoo.com,13875.57,2020-08-31,3
23,Ryan,Duarte,russellkyle@evans-grant.net,8270.26,2020-07-21,8
24,Alicia,Lynn,connie03@wells.net,5286.08,2016-01-30,7
25,David,Johnson,elizabethmoran@gilmore-mendez.org,10362.19,2017-02-04,1
26,Natalie,Yu,butlerjohn@gmail.com,14522.02,2022-12-27,3
27,Jacqueline,Wallace,hartmankristen@johnson.com,12810.13,2019-12-18,5
28,Jennifer,Nelson,ashleythompson@hotmail.com,5988.02,2021-11-22,1
29,Lance,Pace,dave79@gmail.com,7480.44,2020-10-24,3
30,April,Mercado,ronaldespinoza@miller.net,12804.58,2015-08-21,3
31,Jennifer,Phillips,uday@dixon.org,9888.89,2017-04-11,1
32,Joshua,Cruz,murphymatthew@keller-moore.com,3011.5,2015-11-11,2
33,William,Contreras,ebraun@lambert.com,10062.32,2023-12-25,6
34,Chris,Foster,sara81@kerr-terry.org,14145.98,2018-04-11,6
35,Cindy,Williams,hayesjonathan@hotmail.com,3490.96,2023-01-24,3
36,Nicholas,Welch,nicole69@kaiser.com,5081.87,2017-03-22,3
37,Jennifer,Lopez,jonesbrittany@ramos.net,7267.6,2023-09-06,3
38,Steven,Green,joshua98@gates-miller.org,9279.94,2016-03-12,7
39,John,Holloway,christopherlewis@gmail.com,4397.31,2019-07-16,9
40,Jonathan,Willis,peter88@flores-larson.com,11537.02,2023-08-28,7
41,Sheri,Cordova,ashleyleon@gordon-crosby.org,6948.55,2023-02-06,3
42,Paul,Mason,matthewsalas@perry-haynes.com,3222.7,2025-01-23,4
43,Derek,Woodward,dperkins@hotmail.com,6042.78,2017-03-01,8
44,Michael,Ryan,daniel10@gregory.com,5843.1,2016-05-27,2
45,Stacey,Holland,lawrence36@khan.org,3044.71,2022-02-02,2
46,Brittney,Velez,brandon68@yahoo.com,12735.75,2016-05-24,7
47,Sally,Lopez,smithtodd@gmail.com,5028.0,2024-11-22,1
48,Laura,Martin,curtis95@hotmail.com,9301.11,2016-09-18,10
49,Jerry,Nelson,samantha10@gmail.com,11962.0,2015-04-22,10
50,Ann,Martinez,middletonjacqueline@moreno.net,4859.31,2021-07-09,7
51,Troy,Gonzales,michellecampbell@rogers.net,5255.62,2020-11-29,7
52,Stephanie,Hoffman,gburns@russo.com,12584.69,2017-12-04,10
53,James,Marshall,wmorgan@yahoo.com,9273.66,2020-11-21,5
54,Penny,Bean,jamesmoreno@yahoo.com,12686.53,2017-11-02,8
55,Daniel,Reese,christine60@hotmail.com,14606.47,2016-02-12,6
56,Alexandra,Vargas,jason14@gmail.com,9836.24,2021-10-05,3
57,Samuel,Richardson,christie17@gmail.com,7443.81,2019-11-03,5
58,Russell,Foster,wilsonhannah@yahoo.com,3637.12,2016-06-07,1
59,Misty,Gonzalez,fbrown@hotmail.com,6394.6,2017-01-22,4
60,Tiffany,Hoover,watsonnicole@adams-hobbs.com,4290.07,2020-01-19,7
61,Tara,Hogan,geraldbenjamin@brown.com,13036.25,2017-10-14,6
62,Timothy,Smith,osmith@hotmail.com,3686.95,2023-04-19,1
63,George,Ross,phudson@hotmail.com,12143.75,2024-03-05,4
64,Robert,Martin,handerson@hotmail.com,13022.49,2024-06-07,10
65,Richard,Hayes,lawsonjason@yahoo.com,12328.16,2015-11-08,8
66,Steven,Matthews,deannatrujillo@atkins.info,3421.79,2022-02-12,5
67,Kara,Wallace,renee04@hart-herrera.info,3756.28,2024-10-18,7
68,Brittany,Mcfarland,williamsdonald@nelson.info,3733.27,2024-07-05,9
69,Jimmy,Harrell,mhartman@reilly-hawkins.com,14812.5,2017-09-06,2
70,Tracy,Thompson,lauriegarcia@willis.net,12184.56,2024-01-15,7
71,Amanda,Williams,whitejanice@gmail.com,14724.14,2022-10-28,3
72,Jodi,Caldwell,danielthomas@daniels-smith.info,9755.61,2024-10-18,6
73,Derek,Moore,kaitlinreid@lyons.org,5594.54,2016-03-25,1
74,Mindy,Greene,usimpson@yahoo.com,9613.62,2015-07-10,5
75,Caroline,Cabrera,natashabrown@gmail.com,9429.59,2021-11-29,10
76,Alicia,Reed,thomasmueller@hotmail.com,6878.12,2019-10-31,2
77,Patricia,Lambert,ocrawford@yahoo.com,6837.23,2024-11-13,6
78,Cynthia,Williams,richard66@gmail.com,14626.47,2015-08-23,10
79,Ronald,Snyder,andersonaaron@hotmail.com,11722.06,2015-11-03,4
80,Lisa,Booker,banksannette@yahoo.com,14939.6,2022-04-20,1
81,Brian,Garcia,wandrews@hotmail.com,11296.08,2016-06-25,10
82,Jill,Diaz,palmeraaron@hotmail.com,13097.03,2022-09-16,8
83,Michelle,Hammond,carterdarlene@gmail.com,14070.59,2024-12-28,1
84,Joshua,Turner,kim87@oliver.com,6180.29,2015-04-19,3
85,Erica,Clayton,joewilliams@gmail.com,5220.95,2022-10-25,3
86,Kimberly,Graves,victor61@wright-rivera.biz,4310.91,2024-07-24,5
87,Kristina,Peterson,lori55@armstrong.net,4925.07,2017-03-06,4
88,Nathan,Haas,pdaniel@gmail.com,12353.74,2023-08-02,9
89,Tony,Ramirez,rileyeric@gmail.com,3863.81,2021-11-06,9
90,Rachel,Evans,phayes@stout.com,12297.88,2021-11-08,9
91,Heather,Thomas,stephen18@yahoo.com,13568.35,2016-05-25,6
92,Hailey,Hernandez,mbarrett@yahoo.com,14088.59,2019-04-01,4
93,Pamela,Johnson,hamptonana@sweeney.com,4301.16,2020-10-23,2
94,Erika,Potts,elizabeth19@harding.biz,10531.37,2017-03-27,4
95,Carolyn,Jones,garciachristopher@quinn.com,13152.23,2024-04-14,1
96,Brittany,Parker,veronica29@yahoo.com,14327.3,2018-05-23,2
97,Bryan,Hamilton,manningstacey@hall.com,7959.02,2015-11-24,9
98,Kathleen,Young,cgarrett@jones.com,7452.63,2020-10-04,3
99,Anthony,Bell,kjones@yahoo.com,10865.07,2022-12-13,5
100,Laura,Davis,lewismark@gmail.com,12291.02,2022-04-23,8
