project_id,project_name,start_date,end_date
1,Function-based multimedia challenge,2021-04-11,2025-04-12
2,Business-focused global algorithm,2022-10-29,2024-11-16
3,Quality-focused grid-enabled pricing structure,2024-03-09,2024-04-29
4,Polarized reciprocal function,2020-10-18,2024-05-24
5,Down-sized uniform strategy,2022-05-15,2024-05-10
6,Pre-emptive intangible system engine,2020-05-31,2024-06-14
7,Devolved directional interface,2021-04-05,2024-10-31
8,Polarized background time-frame,2022-04-03,2024-08-12
9,Distributed object-oriented help-desk,2022-01-24,2024-07-15
10,Customizable background paradigm,2020-11-30,2025-03-11
11,Object-based mobile focus group,2020-12-11,2024-12-06
12,Persevering mobile data-warehouse,2020-07-06,2025-02-06
13,Quality-focused national throughput,2021-08-13,2025-02-20
14,Organized 4thgeneration productivity,2023-02-09,2024-10-01
15,Reduced holistic structure,2020-04-28,2025-04-06
16,Fundamental full-range encryption,2023-12-30,2024-06-01
17,Balanced even-keeled implementation,2022-01-18,2024-09-07
18,Right-sized object-oriented strategy,2021-06-15,2024-10-16
19,Multi-channeled directional service-desk,2020-06-19,2024-08-25
20,Focused 6thgeneration open architecture,2021-02-01,2024-06-05
21,Versatile content-based system engine,2020-11-05,2024-10-19
22,Multi-layered encompassing capacity,2021-08-05,2024-11-06
23,Robust bottom-line orchestration,2022-10-19,2024-09-23
24,Assimilated explicit artificial intelligence,2020-11-28,2024-05-23
25,Customizable multimedia protocol,2021-10-13,2025-01-13
26,Extended scalable success,2023-10-18,2024-08-25
27,Profound object-oriented installation,2020-05-27,2025-04-03
28,Robust stable array,2021-10-12,2025-01-23
29,Open-source fresh-thinking interface,2024-02-18,2024-10-11
30,Persevering heuristic help-desk,2022-11-08,2025-04-16
